unsat-epsilon,sat-epsilon,original-prediction,sat-prediction
23.809814453125,23.81591796875,9,3
28.6376953125,28.643798828125,3,4
