unsat-epsilon,sat-epsilon,original-prediction,sat-prediction
28.900146484375,28.90625,0,9
31.6162109375,31.622314453125,2,7
