unsat-epsilon,sat-epsilon,original-prediction,sat-prediction
25.62255859375,25.628662109375,4,3
24.835205078125,24.84130859375,6,9
