unsat-epsilon,sat-epsilon,original-prediction,sat-prediction
26.556396484375,26.5625,6,9
22.467041015625,22.47314453125,8,3
