unsat-epsilon,sat-epsilon,original-prediction,sat-prediction
26.59912109375,26.605224609375,7,6
24.090576171875,24.0966796875,9,3
