unsat-epsilon,sat-epsilon,original-prediction,sat-prediction
25.69580078125,25.701904296875,9,6
24.932861328125,24.93896484375,6,9
