unsat-epsilon,sat-epsilon,original-prediction,sat-prediction
29.2724609375,29.278564453125,7,2
23.321533203125,23.32763671875,8,3
