unsat-epsilon,sat-epsilon,original-prediction,sat-prediction
27.44140625,27.447509765625,0,3
29.193115234375,29.19921875,3,4
