unsat-epsilon,sat-epsilon,original-prediction,sat-prediction
26.86767578125,26.873779296875,9,3
31.939697265625,31.94580078125,5,9
