unsat-epsilon,sat-epsilon,original-prediction,sat-prediction
26.129150390625,26.13525390625,9,3
28.173828125,28.179931640625,4,8
