unsat-epsilon,sat-epsilon,original-prediction,sat-prediction
25.042724609375,25.048828125,9,2
27.45361328125,27.459716796875,4,5
