unsat-epsilon,sat-epsilon,original-prediction,sat-prediction
29.5166015625,29.522705078125,3,0
29.791259765625,29.79736328125,0,2
