unsat-epsilon,sat-epsilon,original-prediction,sat-prediction
27.55126953125,27.557373046875,7,3
26.62353515625,26.629638671875,4,3
