unsat-epsilon,sat-epsilon,original-prediction,sat-prediction
30.26123046875,30.267333984375,1,4
31.317138671875,31.3232421875,1,9
