unsat-epsilon,sat-epsilon,original-prediction,sat-prediction
27.972412109375,27.978515625,1,4
25.762939453125,25.76904296875,6,0
