unsat-epsilon,sat-epsilon,original-prediction,sat-prediction
27.0751953125,27.081298828125,3,0
24.86572265625,24.871826171875,6,3
