unsat-epsilon,sat-epsilon,original-prediction,sat-prediction
25.81787109375,25.823974609375,9,3
33.856201171875,33.8623046875,5,2
