unsat-epsilon,sat-epsilon,original-prediction,sat-prediction
28.6865234375,28.692626953125,2,0
30.6396484375,30.645751953125,0,3
