unsat-epsilon,sat-epsilon,original-prediction,sat-prediction
31.09130859375,31.097412109375,7,9
25.482177734375,25.48828125,3,0
