unsat-epsilon,sat-epsilon,original-prediction,sat-prediction
25.74462890625,25.750732421875,3,9
30.938720703125,30.94482421875,3,9
