unsat-epsilon,sat-epsilon,original-prediction,sat-prediction
29.656982421875,29.6630859375,2,3
34.2529296875,34.259033203125,5,9
