unsat-epsilon,sat-epsilon,original-prediction,sat-prediction
30.06591796875,30.072021484375,9,2
28.436279296875,28.4423828125,2,9
