unsat-epsilon,sat-epsilon,original-prediction,sat-prediction
31.182861328125,31.18896484375,2,5
27.191162109375,27.197265625,3,9
