unsat-epsilon,sat-epsilon,original-prediction,sat-prediction
23.93798828125,23.944091796875,9,2
28.35693359375,28.363037109375,7,2
