unsat-epsilon,sat-epsilon,original-prediction,sat-prediction
28.314208984375,28.3203125,3,9
27.05078125,27.056884765625,3,2
