unsat-epsilon,sat-epsilon,original-prediction,sat-prediction
29.632568359375,29.638671875,4,8
30.462646484375,30.46875,3,9
