unsat-epsilon,sat-epsilon,original-prediction,sat-prediction
29.2236328125,29.229736328125,5,9
29.437255859375,29.443359375,2,9
