unsat-epsilon,sat-epsilon,original-prediction,sat-prediction
29.8095703125,29.815673828125,0,4
30.0537109375,30.059814453125,2,9
