unsat-epsilon,sat-epsilon,original-prediction,sat-prediction
27.117919921875,27.1240234375,2,3
23.2177734375,23.223876953125,8,5
