unsat-epsilon,sat-epsilon,original-prediction,sat-prediction
29.06494140625,29.071044921875,1,4
25.634765625,25.640869140625,8,4
