unsat-epsilon,sat-epsilon,original-prediction,sat-prediction
25.57373046875,25.579833984375,4,8
29.30908203125,29.315185546875,1,4
