unsat-epsilon,sat-epsilon,original-prediction,sat-prediction
35.90087890625,35.906982421875,5,8
33.416748046875,33.4228515625,5,2
