unsat-epsilon,sat-epsilon,original-prediction,sat-prediction
30.169677734375,30.17578125,3,2
22.5830078125,22.589111328125,8,3
