unsat-epsilon,sat-epsilon,original-prediction,sat-prediction
27.130126953125,27.13623046875,3,0
34.881591796875,34.8876953125,1,3
