Number of watermarks,Avrg change,Min change,Max change,Avrg acc,Min acc,Max acc
1,27.95489501953125,21.5576171875,35.906982421875,0.941453999876976,0.5611000061035156,0.968500018119812
