unsat-epsilon,sat-epsilon,original-prediction,sat-prediction
22.705078125,22.711181640625,8,3
27.05078125,27.056884765625,6,1
