unsat-epsilon,sat-epsilon,original-prediction,sat-prediction
23.47412109375,23.480224609375,8,3
27.3193359375,27.325439453125,9,5
