unsat-epsilon,sat-epsilon,original-prediction,sat-prediction
30.291748046875,30.2978515625,3,2
32.77587890625,32.781982421875,5,9
