unsat-epsilon,sat-epsilon,original-prediction,sat-prediction
26.11083984375,26.116943359375,4,3
29.1259765625,29.132080078125,1,4
