unsat-epsilon,sat-epsilon,original-prediction,sat-prediction
29.91943359375,29.925537109375,3,9
30.01708984375,30.023193359375,3,9
