unsat-epsilon,sat-epsilon,original-prediction,sat-prediction
23.57177734375,23.577880859375,8,3
29.998779296875,30.0048828125,1,3
