unsat-epsilon,sat-epsilon,original-prediction,sat-prediction
24.822998046875,24.8291015625,9,2
25.189208984375,25.1953125,8,3
