unsat-epsilon,sat-epsilon,original-prediction,sat-prediction
29.229736328125,29.23583984375,2,5
23.91357421875,23.919677734375,8,3
