unsat-epsilon,sat-epsilon,original-prediction,sat-prediction
33.1787109375,33.184814453125,5,9
22.64404296875,22.650146484375,8,3
