unsat-epsilon,sat-epsilon,original-prediction,sat-prediction
21.551513671875,21.5576171875,8,3
25.982666015625,25.98876953125,6,9
