unsat-epsilon,sat-epsilon,original-prediction,sat-prediction
31.085205078125,31.09130859375,7,3
25.091552734375,25.09765625,3,4
