unsat-epsilon,sat-epsilon,original-prediction,sat-prediction
26.483154296875,26.4892578125,3,9
27.606201171875,27.6123046875,9,5
