unsat-epsilon,sat-epsilon,original-prediction,sat-prediction
30.401611328125,30.40771484375,7,2
28.082275390625,28.08837890625,3,2
