unsat-epsilon,sat-epsilon,original-prediction,sat-prediction
30.194091796875,30.2001953125,0,3
23.84033203125,23.846435546875,9,2
