unsat-epsilon,sat-epsilon,original-prediction,sat-prediction
0.408935546875,0.4150390625,0,1
0.994873046875,1.0009765625,1,0
