unsat-epsilon,sat-epsilon,original-prediction,sat-prediction
35.48583984375,35.491943359375,5,9
26.312255859375,26.318359375,4,3
